,Package Name,App Version Code,App Version Name,Reviewer Language,Device,Review Submit Date and Time,Review Submit Millis Since Epoch,Review Last Update Date and Time,Review Last Update Millis Since Epoch,Star Rating,Review Title,Review Text,Developer Reply Date and Time,Developer Reply Millis Since Epoch,Developer Reply Text,Review Link
0,Confidential,Confidential,Confidential,Confidential,Confidential,Confidential,Confidential,Confidential,Confidential,5,Confidential,Tuy·ªát v·ªùi,Confidential,Confidential,Confidential,Confidential
1,Confidential,Confidential,Confidential,Confidential,Confidential,Confidential,Confidential,Confidential,Confidential,5,Confidential,C·∫£m ∆°n nh√† s·∫£n xu·∫•t √°p n√†y t·ªët qu√°,Confidential,Confidential,Confidential,Confidential
2,Confidential,Confidential,Confidential,Confidential,Confidential,Confidential,Confidential,Confidential,Confidential,5,Confidential,,Confidential,Confidential,Confidential,Confidential
3,Confidential,Confidential,Confidential,Confidential,Confidential,Confidential,Confidential,Confidential,Confidential,5,Confidential,,Confidential,Confidential,Confidential,Confidential
4,Confidential,Confidential,Confidential,Confidential,Confidential,Confidential,Confidential,Confidential,Confidential,5,Confidential,,Confidential,Confidential,Confidential,Confidential
5,Confidential,Confidential,Confidential,Confidential,Confidential,Confidential,Confidential,Confidential,Confidential,5,Confidential,R·∫•t h·ªØu √≠ch nha.,Confidential,Confidential,Confidential,Confidential
6,Confidential,Confidential,Confidential,Confidential,Confidential,Confidential,Confidential,Confidential,Confidential,5,Confidential,Ok ƒë√£ thi ƒë·∫°t,Confidential,Confidential,Confidential,Confidential
7,Confidential,Confidential,Confidential,Confidential,Confidential,Confidential,Confidential,Confidential,Confidential,5,Confidential,Tui ƒë√£ h·ªçc r·∫•t ngu nh∆∞ gi·ªù th√¨ c≈©ng r·∫•t ngu,Confidential,Confidential,Confidential,Confidential
8,Confidential,Confidential,Confidential,Confidential,Confidential,Confidential,Confidential,Confidential,Confidential,2,Confidential,√Åp r·∫•t c√≥ √≠ch nh∆∞ng ƒë·∫ßy qu·∫£ng c√°o r·∫•t m·∫•t th·ªùi gian v√† r·∫•t t·ªá l√† qu·∫£ng c√°o che m·∫•t n·ªôi dung kh√¥ng th·ªÉ h·∫øt ƒë∆∞·ª£c,Confidential,Confidential,Confidential,Confidential
9,Confidential,Confidential,Confidential,Confidential,Confidential,Confidential,Confidential,Confidential,Confidential,5,Confidential,,Confidential,Confidential,Confidential,Confidential
10,Confidential,Confidential,Confidential,Confidential,Confidential,Confidential,Confidential,Confidential,Confidential,5,Confidential,,Confidential,Confidential,Confidential,Confidential
11,Confidential,Confidential,Confidential,Confidential,Confidential,Confidential,Confidential,Confidential,Confidential,5,Confidential,C·∫£m ∆°n nh√† s·∫£n xu·∫•t nhi·ªÅu ·∫° nh·ªù c√≥ √°p m√† thi t·ªët l·∫Øm ·∫° thi ƒë·ªó lu√¥n 24/25 c√¢u l·∫≠n c·∫£m ∆°n √°p nhi·ªÅu l·∫Øm ·∫°,Confidential,Confidential,Confidential,Confidential
12,Confidential,Confidential,Confidential,Confidential,Confidential,Confidential,Confidential,Confidential,Confidential,5,Confidential,"D·ªÖ hi·ªÉu ƒë∆°n gi·∫£n,d·ªÖ h·ªçc thu·ªôc",Confidential,Confidential,Confidential,Confidential
13,Confidential,Confidential,Confidential,Confidential,Confidential,Confidential,Confidential,Confidential,Confidential,5,Confidential,Qu√° tr√≤i ·ªïn lu√¥n e ƒëang h·ªçc b·∫±ng l√°i nh·ªù app n√†y e h·ªçc c≈©ng nh·ªõ nh·ªõ v√†i ƒëi·ªÅu h√™n ko c√≥ qu·∫£ng c√°o ·∫° Thank you app c·ªßa a E ch·∫Øc ch·∫Øn s·∫Ω ƒë·ªó b·∫±ng l√°i a1 üòôüòÜ,Confidential,Confidential,Confidential,Confidential
14,Confidential,Confidential,Confidential,Confidential,Confidential,Confidential,Confidential,Confidential,Confidential,5,Confidential,Good,Confidential,Confidential,Confidential,Confidential
15,Confidential,Confidential,Confidential,Confidential,Confidential,Confidential,Confidential,Confidential,Confidential,5,Confidential,T·ªët nh·∫•t hi·ªán nay,Confidential,Confidential,Confidential,Confidential
16,Confidential,Confidential,Confidential,Confidential,Confidential,Confidential,Confidential,Confidential,Confidential,5,Confidential,Ok hi·ªáu r√µ h∆°n,Confidential,Confidential,Confidential,Confidential
